SKU,Amazon 1,Amazon 2,WF 1,WF 2,OS 1,OS 2,HD 1,HD 2,Lowe's,Target,Walmart,Ebay,Kohl's
7263W12,https://www.amazon.com/dp/B0F4MX4XXH,https://www.amazon.com/dp/B0FD9R7KYT,,,,,,,,https://www.target.com/p/-/-/A-1005965128,,,
7266W15,https://www.amazon.com/dp/B0F4MHF64Q,https://www.amazon.com/dp/B0FD9B68B8,,,,,,,,https://www.target.com/p/-/-/A-1005964619,,,
7269W,https://www.amazon.com/dp/B0F4W8RLYW,https://www.amazon.com/dp/B0FFG5F9J1,,,,,,,,https://www.target.com/p/-/-/A-1005964437,,,
7437T16BK,,https://www.amazon.com/dp/B0F2YB7Q4M,,,,,,,,https://www.target.com/p/-/-/A-1006366661,,,
7437T19BK,,https://www.amazon.com/dp/B0G58S9HZQ,,,,,,,,https://www.target.com/p/-/-/A-1008802063,,,
7360D50MW,https://www.amazon.com/dp/B0DTH7K42J,,,,,,,,,https://www.target.com/p/-/-/A-1005164268,,,
7106D33MB,https://www.amazon.com/dp/B0DRP8JL6K,,,,,,,,,https://www.target.com/p/-/-/A-1005004296,,,
7354T30,,,,,,,,,,https://www.target.com/p/-/-/A-1005279314,,,
7264D58BK,https://www.amazon.com/dp/B0DTDWMLSJ,,,,,,,,,https://www.target.com/p/-/-/A-1005164661,,,
7179D12BBN,https://www.amazon.com/dp/B0DSL35Q6K,,,,,,,,,https://www.target.com/p/-/-/A-1005225981,,,
7532D12F1,https://www.amazon.com/dp/B0G6BPFW82,,,,,,,,,https://www.target.com/p/-/-/A-1008629425,,,
7358D12MB,https://www.amazon.com/dp/B0DTDLQ41V,,,,,,,,,https://www.target.com/p/-/-/A-1005225704,,,
7237D18MB,https://www.amazon.com/dp/B0F3NHMCGF,,,,,,,,,https://www.target.com/p/-/-/A-1005225671,,,
7362D30F1,https://www.amazon.com/dp/B0GCHR67VG,,,,,,,,,https://www.target.com/p/-/-/A-1008629735,,,
7263W15,https://www.amazon.com/dp/B0DSVYNM66,,,,,,,,,https://www.target.com/p/-/-/A-1005964715,,,
7262W15,https://www.amazon.com/dp/B0DSVX1TYY,,,,,,,,,https://www.target.com/p/-/-/A-1005965338,,,
7262W38,https://www.amazon.com/dp/B0DSVWHBWR,,,,,,,,,https://www.target.com/p/-/-/A-1005965341,,,
7261W16,https://www.amazon.com/dp/B0F12TFMZ1,,,,,,,,,https://www.target.com/p/-/-/A-1005965439,,,
7264D36BK,https://www.amazon.com/dp/B0DTDBFJYX,,,,,,,,,https://www.target.com/p/-/-/A-1005164660,,,
7264D13BK,https://www.amazon.com/dp/B0DTDNHD6G,,,,,,,,,https://www.target.com/p/-/-/A-1005164658,,,
7179W12F6,https://www.amazon.com/dp/B0F53LF43V,,,,,,,,,https://www.target.com/p/-/-/A-1005226651,,,
7179W12BBN,https://www.amazon.com/dp/B0F53LNRYG,,,,,,,,,https://www.target.com/p/-/-/A-1005226649,,,
7513W28,,,,,,,,,,https://www.target.com/p/-/-/A-1005819450,,,
7512W28,https://www.amazon.com/dp/B0FPX5622W,,,,,,,,,https://www.target.com/p/-/-/A-1005819448,,,
7234D46MB,https://www.amazon.com/dp/B0DSL5DM9K,,,,,,,,,https://www.target.com/p/-/-/A-1005144379,,,
7196D50SNSM,,,,,,,,,,,,,
7042D81SM,https://www.amazon.com/dp/B0GJSBJBCX,,,,,,,,,https://www.target.com/p/-/-/A-1009256715,,,
C7042D81SM,,,,,,,,,,,,,
7518T16FB,,,,,,,,,,https://www.target.com/p/-/-/A-1007788961,,,
7518T16NB,,,,,,,,,,https://www.target.com/p/-/-/A-1007788963,,,
7231D30,https://www.amazon.com/dp/B0FF9KXVV8,,,,,,,,,https://www.target.com/p/-/-/A-1005279189,,,
7234D58MB,https://www.amazon.com/dp/B0DSL6BBW8,,,,,,,,,https://www.target.com/p/-/-/A-1005165178,,,
7194D87AB,,,,,,,,,,,,,
7079D127SM,,,,,,,,,,https://www.target.com/p/-/-/A-1009256887,,,
7516T16FB,,,,,,,,,,https://www.target.com/p/-/-/A-1007789101,,,
7471D35BZ,https://www.amazon.com/dp/B0G5PQGBZJ,,,,,,,,,https://www.target.com/p/-/-/A-1007788887,,,
7516T16NB,,,,,,,,,,https://www.target.com/p/-/-/A-1007789103,,,
7431T20,https://www.amazon.com/dp/B0FGTYJLDQ,,,,,,,,,https://www.target.com/p/-/-/A-1005226598,,,
7519D40MB,https://www.amazon.com/dp/B0FZBFSL7N,,,,,,,,,https://www.target.com/p/-/-/A-1006993651,,,
7511T16,https://www.amazon.com/dp/B0FPWX3C6X,,,,,,,,,https://www.target.com/p/-/-/A-1009246365,,,
7517T16FB,,,,,,,,,,https://www.target.com/p/-/-/A-1007789058,,,
7432T20,https://www.amazon.com/dp/B0FGTZLBGT,,,,,,,,,https://www.target.com/p/-/-/A-1005226479,,,
7517T16NB,,,,,,,,,,https://www.target.com/p/-/-/A-1007789061,,,
7531D42BZ,https://www.amazon.com/dp/B0G5PQMQG7,,,,,,,,,https://www.target.com/p/-/-/A-1008625226,,,
7255D45MAB,https://www.amazon.com/dp/B0DTDPPWMK,,,,,,,,,https://www.target.com/p/-/-/A-1005164123,,,
7181D45,https://www.amazon.com/dp/B0F2MBJ4MH,,,,,,,,,https://www.target.com/p/-/-/A-1005066760,,,
7226D45MB,https://www.amazon.com/dp/B0FF8XTHWK,,,,,,,,,https://www.target.com/p/-/-/A-1005144483,,,
C7226D45MB,,,,,,,,,,,,,
7235D45BZ,https://www.amazon.com/dp/B0FZBJXX5H,,,,,,,,,https://www.target.com/p/-/-/A-1007789385,,,
7359T25,https://www.amazon.com/dp/B0F2LZ7YP9,,,,,,,,,https://www.target.com/p/-/-/A-1005279077,,,
7197T40MB,https://www.amazon.com/dp/B0DJBQ25GD,,,,,,,,,,,,
7259T40,https://www.amazon.com/dp/B0F139LKWN,,,,,,,,,https://www.target.com/p/-/-/A-1004964075,,,
7260T40,https://www.amazon.com/dp/B0DSBMKT7Q,,,,,,,,,https://www.target.com/p/-/-/A-1004964101,,,
7266W20,,,,,,,,,,,,,
7519D50MB,https://www.amazon.com/dp/B0FZB881P4,,,,,,,,,https://www.target.com/p/-/-/A-1007612023,,,
7240D50MAB,https://www.amazon.com/dp/B0F3N9M82Q,,,,,,,,,https://www.target.com/p/-/-/A-1005144287,,,
7373D50,https://www.amazon.com/dp/B0GJRPD5FV,,,,,,,,,https://www.target.com/p/-/-/A-1009248131,,,
7471D50BZ,https://www.amazon.com/dp/B0G5PJ6H6Z,,,,,,,,,https://www.target.com/p/-/-/A-1007788884,,,
7267D45NB,https://www.amazon.com/dp/B0FH23J65V,,,,,,,,,https://www.target.com/p/-/-/A-1005182018,,,
7267D45PN,https://www.amazon.com/dp/B0FH1RR8YK,,,,,,,,,https://www.target.com/p/-/-/A-1005182016,,,
7429T32,https://www.amazon.com/dp/B0FGQDP18S,,,,,,,,,https://www.target.com/p/-/-/A-1005226089,,,
7461W53,https://www.amazon.com/dp/B0F4X6YBLL,,,,,,,,,https://www.target.com/p/-/-/A-1005642488,,,
7209D50BZ,,,,,,,,,,,,,
7209D50MB,https://www.amazon.com/dp/B0DRBLB8TF,,,,,,,,,https://www.target.com/p/-/-/A-1005118412,,,
7519D55MB,https://www.amazon.com/dp/B0FZB42QJ1,,,,,,,,,https://www.target.com/p/-/-/A-1006993647,,,
7428T32,https://www.amazon.com/dp/B0FGPY3D4H,,,,,,,,,https://www.target.com/p/-/-/A-1004991137,,,
7359T30,https://www.amazon.com/dp/B0DSBQT4ZH,,,,,,,,,https://www.target.com/p/-/-/A-1005279119,,,
7470D57BZ,https://www.amazon.com/dp/B0FH28GYG4,,,,,,,,,,,,
7413W11,,,,,,,,,,https://www.target.com/p/-/-/A-1007612822,,,
7530D60NB,https://www.amazon.com/dp/B0G5PTKSVQ,,,,,,,,,https://www.target.com/p/-/-/A-1008625490,,,
7433T35,https://www.amazon.com/dp/B0FGV3PJJF,,,,,,,,,https://www.target.com/p/-/-/A-1004991058,,,
7211D62MB,,,,,,,,,,,,,
C7211D62MB,,,,,,,,,,,,,
7267H200,,,,,,,,,,,,,
7370D60BZ,https://www.amazon.com/dp/B0G5PKW4GC,,,,,,,,,https://www.target.com/p/-/-/A-1008629395,,,
7235D60BZ,https://www.amazon.com/dp/B0DSL59CR5,,,,,,,,,https://www.target.com/p/-/-/A-1005225146,,,
7473D61,https://www.amazon.com/dp/B0GRTH999F,,,,,,,,,,,,
7267D60PN,https://www.amazon.com/dp/B0FH24W4DS,,,,,,,,,https://www.target.com/p/-/-/A-1005182014,,,
7466W15,,,,,,,,,,https://www.target.com/p/-/-/A-1007612658,,,
7267D60NB,https://www.amazon.com/dp/B0FH261WDW,,,,,,,,,https://www.target.com/p/-/-/A-1005182017,,,
7531D63BZ,https://www.amazon.com/dp/B0G5Q3GNYP,,,,,,,,,https://www.target.com/p/-/-/A-1008625230,,,
7453D60,https://www.amazon.com/dp/B0F4VPN53H,,,,,,,,,https://www.target.com/p/-/-/A-1005164370,,,
7207D60MB,https://www.amazon.com/dp/B0DTH8Y9GG,,,,,,,,,https://www.target.com/p/-/-/A-1005117906,,,
7206D60MB,https://www.amazon.com/dp/B0DTDTJ5RQ,,,,,,,,,https://www.target.com/p/-/-/A-1005118023,,,
7300D66,https://www.amazon.com/dp/B0DSB8WYF9,,,,,,,,,https://www.target.com/p/-/-/A-1005164237,,,
7530D70NB,https://www.amazon.com/dp/B0G5PWDQM2,,,,,,,,,https://www.target.com/p/-/-/A-1008625485,,,
7427D72PN,https://www.amazon.com/dp/B0FF9VRPP4,,,,,,,,,https://www.target.com/p/-/-/A-1005164340,,,
7227D72PN,https://www.amazon.com/dp/B0FNK2S24D,,,,,,,,,https://www.target.com/p/-/-/A-1005695786,,,
C7227D72PN,,,,,,,,,,,,,
7519D70MB,https://www.amazon.com/dp/B0FZB1HLNK,,,,,,,,,https://www.target.com/p/-/-/A-1006993639,,,
7257T50,https://www.amazon.com/dp/B0DSBDDTF6,,,,,,,,,https://www.target.com/p/-/-/A-1004964047,,,
7430T45,https://www.amazon.com/dp/B0FGX4FZTP,,,,,,,,,https://www.target.com/p/-/-/A-1004990933,,,
7445D70,https://www.amazon.com/dp/B0FFB28FC2,,,,,,,,,https://www.target.com/p/-/-/A-1005164554,,,
7109D70,https://www.amazon.com/dp/B0G5YX4NP2,,,,,,,,,https://www.target.com/p/-/-/A-1006930033,,,
7215D40AS,https://www.amazon.com/dp/B0DSL3RLXR,,,,,,,,,https://www.target.com/p/-/-/A-1005146257,,,
7072D40BR,https://www.amazon.com/dp/B0DMSJ5F8H,,https://partners.wayfair.com/d/supplier-catalog-app/product-detail/73035319/media,,,,,,,https://www.target.com/p/-/-/A-1004944050,,,
7156D45FG,,,,,,,,,,,,,
7268D40MB,https://www.amazon.com/dp/B0DSB7V549,,,,,,,,,https://www.target.com/p/-/-/A-1005164195,,,
7154D45BZ,https://www.amazon.com/dp/B0D9N1H39C,,,,,,,,,https://www.target.com/p/-/-/A-1005071752,,,
7154C45BZ,,,,,,,,,,,,,
7239D45MB,https://www.amazon.com/dp/B0F3NV7GFH,,,,,,,,,https://www.target.com/p/-/-/A-1005144429,,,
7221D50MB,https://www.amazon.com/dp/B0F2XZL6QW,,,,,,,,,https://www.target.com/p/-/-/A-1005049740,,,
7236D62MB,https://www.amazon.com/dp/B0F32CC8PZ,,,,,,,,,https://www.target.com/p/-/-/A-1005049140,,,
7185T37BZ,https://www.amazon.com/dp/B0DNMVJ5S3,,,,,,,,,https://www.target.com/p/-/-/A-1005049570,,,
7179D22NB,https://www.amazon.com/dp/B0DSKZ563V,,,,,,,,,,,,
7460W53,https://www.amazon.com/dp/B0F4X1GQ6R,,,,,,,,,https://www.target.com/p/-/-/A-1005642391,,,
7455W58,https://www.amazon.com/dp/B0F52W6NVK,,,,,,,,,https://www.target.com/p/-/-/A-1005642808,,,
7214D80,https://www.amazon.com/dp/B0FH674L51,,,,,,,,,https://www.target.com/p/-/-/A-1005146372,,,
7268D80MB,https://www.amazon.com/dp/B0DSB98NV5,,,,,,,,,https://www.target.com/p/-/-/A-1005164192,,,
7141D80CS,https://www.amazon.com/dp/B0CJ8ZTF74,,,,,,,,,https://www.target.com/p/-/-/A-1005181762,,,
7423D80FB,https://www.amazon.com/dp/B0F4MC4HJZ,,,,,,,,,https://www.target.com/p/-/-/A-1005164542,,,
7244D80,https://www.amazon.com/dp/B0F329VL5T,,,,,,,,,https://www.target.com/p/-/-/A-1005164057,,,
7241D90MAB,https://www.amazon.com/dp/B0F3296CQJ,,,,,,,,,,,,
7207D90MB,https://www.amazon.com/dp/B0DJBQ9JV6,,,,,,,,,,,,
7206D90MB,https://www.amazon.com/dp/B0DTDSK6ZC,,,,,,,,,,,,
7452D95,https://www.amazon.com/dp/B0F4MFM4PF,,,,,,,,,https://www.target.com/p/-/-/A-1005164352,,,
7129D100AB,https://www.amazon.com/dp/B0DR8HKRCT,,,,,,,,,https://www.target.com/p/-/-/A-1005146828,,,
C7209D40MB,,,,,,,,,,,,,
7203D45AGL,https://www.amazon.com/dp/B0DPS968BQ,,,,,,,,,https://www.target.com/p/-/-/A-1005117373,,,
7002D40BR,https://www.amazon.com/dp/B0BCYLTWVY,,https://partners.wayfair.com/d/supplier-catalog-app/product-detail/78871744/media,,,,,,,https://www.target.com/p/-/-/A-1004918606,,,
7002C40BR,,,,,,,,,,,,,
7097D55,https://www.amazon.com/dp/B0BL739738,,,,,,,,,https://www.target.com/p/-/-/A-1004946848,,,
7011D40BR,,,https://partners.wayfair.com/d/supplier-catalog-app/product-detail/56431612/media,,,,,,,,,,
C7227D35PN,,,,,,,,,,,,,
7227D35PN,https://www.amazon.com/dp/B0FNK3DWNR,,,,,,,,,https://www.target.com/p/-/-/A-1005695783,,,
7089D100,,,https://partners.wayfair.com/d/supplier-catalog-app/product-detail/82531523/media,,,,,,,,,,
7205D56MB,https://www.amazon.com/dp/B0CWK7LM6B,,,,,,,,,https://www.target.com/p/-/-/A-1005117667,,,
7142D40MB,https://www.amazon.com/dp/B0CJ91GJMG,,,,,,,,,,,,
7155D30CP,,,,,,,,,,,,,
7091D35,https://www.amazon.com/dp/B0BJ1L8TXB,,https://partners.wayfair.com/d/supplier-catalog-app/product-detail/82531512/media,,,,,,,https://www.target.com/p/-/-/A-1005089913,,,
7163D35,,,,,,,,,,,,,
7091D45,https://www.amazon.com/dp/B0CNQV8213,,,,,,,,,https://www.target.com/p/-/-/A-1004946910,,,
7040D34AGL,https://www.amazon.com/dp/B09TZQPNGK,,https://partners.wayfair.com/d/supplier-catalog-app/product-detail/58781109/media,,,,,,,https://www.target.com/p/-/-/A-1004898493,,,
7141D105CS,https://www.amazon.com/dp/B0F2MCKR1W,,,,,,,,,,,,
7141D120CS,,,,,,,,,,,,,
7172D120DL,,,,,,,,,,,,,
7172D120PN,https://www.amazon.com/dp/B0GJS4CTCJ,,,,,,,,,https://www.target.com/p/-/-/A-1009273151,,,
7215D55AS,https://www.amazon.com/dp/B0DSL3XT8H,,,,,,,,,https://www.target.com/p/-/-/A-1005146255,,,
7072D60BR,https://www.amazon.com/dp/B09VKYKGD8,,https://partners.wayfair.com/d/supplier-catalog-app/product-detail/72713425/media,,,,,,,https://www.target.com/p/-/-/A-1004925555,,,
7225D50AB,https://www.amazon.com/dp/B0F89WD3JP,,,,,,,,,https://www.target.com/p/-/-/A-1005425855,,,
C7225D50AB,,,,,,,,,,,,,
7102D50BZ,https://www.amazon.com/dp/B0DRP1M7LB,,,,,,,,,https://www.target.com/p/-/-/A-1005004000,,,
7213D50MB,https://www.amazon.com/dp/B0F4KM2NV9,,,,,,,,,https://www.target.com/p/-/-/A-1005144517,,,
7236D80NB,,,,,,,,,,,,,
7236D80MB,,,,,,,,,,,,,
7179D100BBN,https://www.amazon.com/dp/B0DSL4HCV9,,,,,,,,,,,,
7212D100MB,https://www.amazon.com/dp/B0FF9B99XK,,,,,,,,,https://www.target.com/p/-/-/A-1005144505,,,
7169D100MB,https://www.amazon.com/dp/B0F4MFFKZ6,,,,,,,,,https://www.target.com/p/-/-/A-1005144508,,,
7192D100AGL,https://www.amazon.com/dp/B0DRVNN37L,,,,,,,,,,,,
7492D41,,,,,,,,,,,,,
7234C40MB,https://www.amazon.com/dp/B0F12CGKJP,,,,,,,,,https://www.target.com/p/-/-/A-1005143749,,,
7172D85NB,https://www.amazon.com/dp/B0D5QXS87D,,,,,,,,,https://www.target.com/p/-/-/A-1005002928,,,
7154D60BZ,https://www.amazon.com/dp/B0D9N3GZFM,,,,,,,,,https://www.target.com/p/-/-/A-1005071457,,,
7154C60BZ,,,,,,,,,,,,,
7218D60BZ,https://www.amazon.com/dp/B0DSL3Q3DW,,,,,,,,,https://www.target.com/p/-/-/A-1005071265,,,
7218C60BZ,,,,,,,,,,,,,
7205D100AGL,,,,,,,,,,,,,
7227D55PN,https://www.amazon.com/dp/B0FNK41V4D,,,,,,,,,https://www.target.com/p/-/-/A-1005695785,,,
C7227D55PN,,,,,,,,,,,,,
7089C45MAB,,,,,,,,,,,,,
7129D65AB,https://www.amazon.com/dp/B0DJBF3GFR,,,,,,,,,https://www.target.com/p/-/-/A-1005146826,,,
7040D55AG,https://www.amazon.com/dp/B0FZ9XFR5T,,,,,,,,,https://www.target.com/p/-/-/A-1006734214,,,
7042C50SN,,,,,,,,,,,,,
7042D50SN,https://www.amazon.com/dp/B0BCYMBL2R,,https://partners.wayfair.com/d/supplier-catalog-app/product-detail/80266264/media,,,,,,,https://www.target.com/p/-/-/A-1004924919,,,
7428F56,https://www.amazon.com/dp/B0FGPNFCPR,,,,,,,,,https://www.target.com/p/-/-/A-1005983925,,,
7258F50,https://www.amazon.com/dp/B0F12QLBFN,,,,,,,,,https://www.target.com/p/-/-/A-1005979045,,,
7538D60BZ,https://www.amazon.com/dp/B0G6B18XN7,,,,,,,,,https://www.target.com/p/-/-/A-1008629115,,,
7218D75BZ,https://www.amazon.com/dp/B0GCGJFS29,,,,,,,,,https://www.target.com/p/-/-/A-1008624777,,,
C7109D70,,,,,,,,,,,,,
7229D45CR,,,,,,,,,,,,,
7126F39BK,https://www.amazon.com/dp/B0CJDGW6SG,,,,,,,,,,,,
7127F34BK,https://www.amazon.com/dp/B0CJF7V2VK,,,,,,,,,,,,
7221D80BZ,,,,,,,,,,,,,
7221D80MB,https://www.amazon.com/dp/B0F2YMRL9N,,,,,,,,,,,,
7385D81,https://www.amazon.com/dp/B0GJS3CKNY,,,,,,,,,https://www.target.com/p/-/-/A-1009255137,,,
7210D80MB,https://www.amazon.com/dp/B0DTH78DLM,,,,,,,,,,,,
7142D100MB,https://www.amazon.com/dp/B0DJBLSX5B,,,,,,,,,https://www.target.com/p/-/-/A-1005144512,,,
7223D45,https://www.amazon.com/dp/B0G68X9QGG,,,,,,,,,https://www.target.com/p/-/-/A-1005144494,,,
7419D22NB,https://www.amazon.com/dp/B0G693P8P2,,,,,,,,,https://www.target.com/p/-/-/A-1008629267,,,
7448D22NB,https://www.amazon.com/dp/B0GCJJ7735,,,,,,,,,https://www.target.com/p/-/-/A-1008629532,,,
7089D60MAB,https://www.amazon.com/dp/B0DTDB7KQR,,,,,,,,,https://www.target.com/p/-/-/A-1005071350,,,
7089C60MAB,,,,,,,,,,,,,
7172D120CER,https://www.amazon.com/dp/B0FH63BG2H,,,,,,,,,https://www.target.com/p/-/-/A-1005250849,,,
7013D100BBZ,,,https://partners.wayfair.com/d/supplier-catalog-app/product-detail/56139886/media,,,,,,,,,,
7013D80BBZ,,,https://partners.wayfair.com/d/supplier-catalog-app/product-detail/80266296/media,,,,,,,,,,
7013D120BBZ,,,https://partners.wayfair.com/d/supplier-catalog-app/product-detail/77558895/media,,,,,,,,,,
7035D45BZ,https://www.amazon.com/dp/B09TZQ2D1F,,https://partners.wayfair.com/d/supplier-catalog-app/product-detail/53819245/media,,,,,,,https://www.target.com/p/-/-/A-1004924235,,,
7001C30BR,,,,,,,,,,,,,
7013D100CR,,,https://partners.wayfair.com/d/supplier-catalog-app/product-detail/50704204/media,,,,,,,,,,
7163D74,https://www.amazon.com/dp/B0CR3SPYBN,,,,,,,,,,,,
7463W14,,,,,,,,,,https://www.target.com/p/-/-/A-1007612579,,,
7121D50AB,https://www.amazon.com/dp/B0C58TZM3F,,https://partners.wayfair.com/d/supplier-catalog-app/product-detail/98124001/media,,,,,,,https://www.target.com/p/-/-/A-1005004486,,,
7167C50MB,,,,,,,,,,,,,
7001D30BR,https://www.amazon.com/dp/B09BVKC8BP,,https://partners.wayfair.com/d/supplier-catalog-app/product-detail/50561335/media,,,,,,,https://www.target.com/p/-/-/A-1004722772,,,
7035D60,https://www.amazon.com/dp/B0BL8122VL,,https://partners.wayfair.com/d/supplier-catalog-app/product-detail/85279987/media,,,,,,,https://www.target.com/p/-/-/A-1004924237,,,
7012D41ABR,https://www.amazon.com/dp/B09VL2N2RG,,https://partners.wayfair.com/d/supplier-catalog-app/product-detail/70202931/media,,,,,,,https://www.target.com/p/-/-/A-1005091133,,,
7035C45BZ,,,,,,,,,,,,,
7035C60,,,,,,,,,,,,,
7164D55BZ,https://www.amazon.com/dp/B0CW9PJ1PD,,,,,,,,,https://www.target.com/p/-/-/A-1005048414,,,
7167D50MB,https://www.amazon.com/dp/B0D5QWBFB7,,,,,,,,,https://www.target.com/p/-/-/A-1005150834,,,
7097D75,https://www.amazon.com/dp/B0C7KW8LTK,,,,,,,,,https://www.target.com/p/-/-/A-1005090476,,,
7422D67DB,https://www.amazon.com/dp/B0F4KP5WYJ,,,,,,,,,https://www.target.com/p/-/-/A-1005164618,,,
7079D127AB,,,,,,,,,,https://www.target.com/p/-/-/A-1004899937,,,
7079D127MB,,,,,,,,,,https://www.target.com/p/-/-/A-1004899935,,,
7051D32BR,,,,,,,,,,,,,
7002C30BR,,,,,,,,,,,,,
7135W,https://www.amazon.com/dp/B0CJ8RD5W3,,,,,,,,,https://www.target.com/p/-/-/A-1005965500,,,
7087W,https://www.amazon.com/dp/B0B6MSR1RK,,https://partners.wayfair.com/d/supplier-catalog-app/product-detail/77887163/media,,,,,,,https://www.target.com/p/-/-/A-1005965534,,,
7187D35MB,https://www.amazon.com/dp/B0CWH34HY4,,,,,,,,,https://www.target.com/p/-/-/A-1005116953,,,
7192D137AGL,https://www.amazon.com/dp/B0D32LPJL2,,,,,,,,,https://www.target.com/p/-/-/A-1005049935,,,
7028D80MB,,,https://partners.wayfair.com/d/supplier-catalog-app/product-detail/55548737/media,,,,,,,,,,
7146D65,https://www.amazon.com/dp/B0CR5MJRKZ,,,,,,,,,https://www.target.com/p/-/-/A-1005047985,,,
7426D110PN,,,,,,,,,,https://www.target.com/p/-/-/A-1005164278,,,
7510T16,https://www.amazon.com/dp/B0FPX2MSWX,,,,,,,,,https://www.target.com/p/-/-/A-1009246360,,,
7084D105,,,https://partners.wayfair.com/d/supplier-catalog-app/product-detail/77562200/media,,,,,,,,,,
7436T18PW,https://www.amazon.com/dp/B0F6BVCLH2,,,,,,,,,https://www.target.com/p/-/-/A-1005308429,,,
7402W12,,,,,,,,,,https://www.target.com/p/-/-/A-1007612902,,,
7265W15,https://www.amazon.com/dp/B0FF4GHKK8,,,,,,,,,https://www.target.com/p/-/-/A-1005964364,,,
7443W,https://www.amazon.com/dp/B0FF44S7Q7,,,,,,,,,https://www.target.com/p/-/-/A-1005964139,,,
7526W38,,,,,,,,,,https://www.target.com/p/-/-/A-1007612739,,,
7440W,https://www.amazon.com/dp/B0FF42NYJS,,,,,,,,,https://www.target.com/p/-/-/A-1005964239,,,
7403W14,,,,,,,,,,https://www.target.com/p/-/-/A-1007612893,,,
7401W12,,,,,,,,,,https://www.target.com/p/-/-/A-1007612462,,,
7368W,,,,,,,,,,,,,
7442W,https://www.amazon.com/dp/B0FF44VXYH,,,,,,,,,https://www.target.com/p/-/-/A-1005964187,,,
7403W18,,,,,,,,,,https://www.target.com/p/-/-/A-1007612263,,,
7524W,,,,,,,,,,https://www.target.com/p/-/-/A-1007612791,,,
7526W51,,,,,,,,,,https://www.target.com/p/-/-/A-1007612711,,,
7441W,https://www.amazon.com/dp/B0FF43LZJ8,,,,,,,,,https://www.target.com/p/-/-/A-1005964206,,,
7525W,,,,,,,,,,https://www.target.com/p/-/-/A-1007612774,,,
7439W,https://www.amazon.com/dp/B0FF3ZFVHM,,,,,,,,,https://www.target.com/p/-/-/A-1005964258,,,
7265W25,https://www.amazon.com/dp/B0FGNZH699,,,,,,,,,https://www.target.com/p/-/-/A-1005964362,,,
7523W,,,,,,,,,,https://www.target.com/p/-/-/A-1007612819,,,
7170D35BR,https://www.amazon.com/dp/B0CT2QGVJK,,,,,,,,,https://www.target.com/p/-/-/A-1005048456,,,
7106D33AAB,https://www.amazon.com/dp/B0CBK5K1JZ,,,,,,,,,https://www.target.com/p/-/-/A-1004946360,,,
7200D97,https://www.amazon.com/dp/B0CY7VFD2J,,,,,,,,,,,,
7106D33PN,https://www.amazon.com/dp/B0BCYLL724,,https://partners.wayfair.com/d/supplier-catalog-app/product-detail/80266306/media,,,,,,,https://www.target.com/p/-/-/A-1005004295,,,
7138W,https://www.amazon.com/dp/B0CDPN44NF,,,,,,,,,https://www.target.com/p/-/-/A-1005965456,,,
7083D52,https://www.amazon.com/dp/B0B4FRJNXX,,,,,,,,,,,,
7072C60BR,,,,,,,,,,,,,
7083D100,https://www.amazon.com/dp/B0CJBHV9MJ,,,,,,,,,https://www.target.com/p/-/-/A-1005181581,,,
7072D40BR,https://www.amazon.com/dp/B0DMSJ5F8H,,https://partners.wayfair.com/d/supplier-catalog-app/product-detail/73035319/media,,,,,,,https://www.target.com/p/-/-/A-1004944050,,,
7072C40BR,,,,,,,,,,,,,
7042D50SM,https://www.amazon.com/dp/B0CJT6ST3D,,,,,,,,,https://www.target.com/p/-/-/A-1004924918,,,
7001D30MB,https://www.amazon.com/dp/B09BVK8TH4,,https://partners.wayfair.com/d/supplier-catalog-app/product-detail/50561334/media,,,,,,,https://www.target.com/p/-/-/A-1004722770,,,
7001C30MB,,,,,,,,,,,,,
7111T60WN,https://www.amazon.com/dp/B0BZHHKLK4,,,,,,,,,,,,
7111T60BK,https://www.amazon.com/dp/B0DK4MQPMM,,https://partners.wayfair.com/d/supplier-catalog-app/product-detail/81437440/media,,,,,,,,,,
7042C50AB,,,,,,,,,,,,,
7042D81AB,https://www.amazon.com/dp/B0C7KNTQ4B,,,,,,,,,https://www.target.com/p/-/-/A-1004947089,,,